path,content-length
/Users/hotdog16/Downloads/openoffice/.DS_Store,0
/Users/hotdog16/Downloads/openoffice/calc/calc4fem_alpha_05.ots,3985
/Users/hotdog16/Downloads/openoffice/calc/calendar_planner.ots,26176
/Users/hotdog16/Downloads/openoffice/calc/einheiten-umrechner.v1.0_1.ots,1930
/Users/hotdog16/Downloads/openoffice/calc/money_v.2.ots,10424
/Users/hotdog16/Downloads/openoffice/calc/money_v.3.ots,10423
/Users/hotdog16/Downloads/openoffice/calc/world_cup_2010_schedule_v2_-_chinese.ots,26343
/Users/hotdog16/Downloads/openoffice/calc/xba-rguan_zhi_tu_.ots,6842
/Users/hotdog16/Downloads/openoffice/draw/dvd_case_labels_enhanced.otg,77
/Users/hotdog16/Downloads/openoffice/draw/taiwannamecard-l.otg,1865
/Users/hotdog16/Downloads/openoffice/draw/taiwannamecard-p.otg,1841
/Users/hotdog16/Downloads/openoffice/impress/.DS_Store,0
/Users/hotdog16/Downloads/openoffice/impress/aoo-template.otp,59
/Users/hotdog16/Downloads/openoffice/impress/aoo_branded_template_2.otp,55
/Users/hotdog16/Downloads/openoffice/impress/aoo_branded_template_3.otp,55
/Users/hotdog16/Downloads/openoffice/impress/aoo_branded_template_4.otp,283
/Users/hotdog16/Downloads/openoffice/impress/aoo_presentation_template_1.otp,53
/Users/hotdog16/Downloads/openoffice/impress/apache_2013-new (1).otp,32
/Users/hotdog16/Downloads/openoffice/impress/apache_2013-new.otp,32
/Users/hotdog16/Downloads/openoffice/impress/apachecon1.otp,38
/Users/hotdog16/Downloads/openoffice/impress/apachecon_eu_2012_1 (1).otp,229
/Users/hotdog16/Downloads/openoffice/impress/apachecon_eu_2012_1.otp,229
/Users/hotdog16/Downloads/openoffice/impress/apachecon_eu_2012_2.otp,229
/Users/hotdog16/Downloads/openoffice/impress/apachecon_na_2013 (1).otp,230
/Users/hotdog16/Downloads/openoffice/impress/apachecon_na_2013.otp,230
/Users/hotdog16/Downloads/openoffice/impress/arc.otp,28
/Users/hotdog16/Downloads/openoffice/impress/blacktextonwhite.otp,551
/Users/hotdog16/Downloads/openoffice/impress/braids.otp,254
/Users/hotdog16/Downloads/openoffice/impress/canadianflag-presentation.otp,1031
/Users/hotdog16/Downloads/openoffice/impress/christmas_2012_01 (1).otp,72
/Users/hotdog16/Downloads/openoffice/impress/christmas_2012_01.otp,72
/Users/hotdog16/Downloads/openoffice/impress/clean_wavy_purple_showeet (1).otp,2032
/Users/hotdog16/Downloads/openoffice/impress/clean_wavy_purple_showeet.otp,2032
/Users/hotdog16/Downloads/openoffice/impress/curvas.otp,66
/Users/hotdog16/Downloads/openoffice/impress/flower_bubbles_showeet (1).otp,254
/Users/hotdog16/Downloads/openoffice/impress/flower_bubbles_showeet.otp,254
/Users/hotdog16/Downloads/openoffice/impress/gif_template.otp,39
/Users/hotdog16/Downloads/openoffice/impress/greenpeace_template.otp,32
/Users/hotdog16/Downloads/openoffice/impress/iloveyou.otp,82
/Users/hotdog16/Downloads/openoffice/impress/lime_and_gray.otp,98
/Users/hotdog16/Downloads/openoffice/impress/lineas.otp,30
/Users/hotdog16/Downloads/openoffice/impress/lyt-acryl.otp,30
/Users/hotdog16/Downloads/openoffice/impress/lyt-aquarell (1).otp,66
/Users/hotdog16/Downloads/openoffice/impress/lyt-aquarell.otp,66
/Users/hotdog16/Downloads/openoffice/impress/lyt-bluecrystals (1).otp,30
/Users/hotdog16/Downloads/openoffice/impress/lyt-bluecrystals.otp,30
/Users/hotdog16/Downloads/openoffice/impress/lyt-bluegradback.otp,30
/Users/hotdog16/Downloads/openoffice/impress/lyt-bluelightning.otp,66
/Users/hotdog16/Downloads/openoffice/impress/lyt-bluelines.otp,296
/Users/hotdog16/Downloads/openoffice/impress/lyt-blueripplewave.otp,30
/Users/hotdog16/Downloads/openoffice/impress/lyt-bluesmoke.otp,30
/Users/hotdog16/Downloads/openoffice/impress/lyt-brightcirc.otp,30
/Users/hotdog16/Downloads/openoffice/impress/lyt-brightlines (1).otp,30
/Users/hotdog16/Downloads/openoffice/impress/lyt-brightlines.otp,30
/Users/hotdog16/Downloads/openoffice/impress/lyt-brightpainting.otp,260
/Users/hotdog16/Downloads/openoffice/impress/lyt-frozen.otp,30
/Users/hotdog16/Downloads/openoffice/impress/microarray.otp,28
/Users/hotdog16/Downloads/openoffice/impress/mushroom_template.otp,37
/Users/hotdog16/Downloads/openoffice/impress/ninos.otp,52
/Users/hotdog16/Downloads/openoffice/impress/professional_presentation (1).otp,2121
/Users/hotdog16/Downloads/openoffice/impress/professional_presentation.otp,2121
/Users/hotdog16/Downloads/openoffice/impress/simple_banner_showeet (1).otp,789
/Users/hotdog16/Downloads/openoffice/impress/simple_banner_showeet.otp,789
/Users/hotdog16/Downloads/openoffice/impress/sunnydaytemp.otp,134
/Users/hotdog16/Downloads/openoffice/impress/template__design10.otp,54
/Users/hotdog16/Downloads/openoffice/impress/template__design2.otp,54
/Users/hotdog16/Downloads/openoffice/impress/template__design3.otp,54
/Users/hotdog16/Downloads/openoffice/impress/template__design4.otp,54
/Users/hotdog16/Downloads/openoffice/impress/template__design5 (1).otp,54
/Users/hotdog16/Downloads/openoffice/impress/template__design5.otp,54
/Users/hotdog16/Downloads/openoffice/impress/template__design6.otp,54
/Users/hotdog16/Downloads/openoffice/impress/template__design7.otp,54
/Users/hotdog16/Downloads/openoffice/impress/template__design8.otp,54
/Users/hotdog16/Downloads/openoffice/impress/template_design1 (1).otp,54
/Users/hotdog16/Downloads/openoffice/impress/template_design1.otp,54
/Users/hotdog16/Downloads/openoffice/impress/template_design9 (1).otp,54
/Users/hotdog16/Downloads/openoffice/impress/template_design9.otp,54
/Users/hotdog16/Downloads/openoffice/impress/tokyo-midtown-3.otp,1074
/Users/hotdog16/Downloads/openoffice/impress/impress_templates_otp/cinemascope.otp,922
/Users/hotdog16/Downloads/openoffice/impress/impress_templates_otp/europa.otp,1059
/Users/hotdog16/Downloads/openoffice/impress/impress_templates_otp/kaohsiung.otp,1438
/Users/hotdog16/Downloads/openoffice/impress/impress_templates_otp/klee1.otp,1061
/Users/hotdog16/Downloads/openoffice/impress/impress_templates_otp/klee2.otp,1061
/Users/hotdog16/Downloads/openoffice/impress/impress_templates_otp/mars.otp,1061
/Users/hotdog16/Downloads/openoffice/impress/impress_templates_otp/ooo2.otp,1212
/Users/hotdog16/Downloads/openoffice/impress/impress_templates_otp/panavision.otp,922
/Users/hotdog16/Downloads/openoffice/impress/impress_templates_otp/titan.otp,1057
/Users/hotdog16/Downloads/openoffice/impress/impress_templates_otp/tokyo-midtown-1.otp,1074
/Users/hotdog16/Downloads/openoffice/impress/impress_templates_otp/tokyo-midtown-2.otp,1074
/Users/hotdog16/Downloads/openoffice/impress/impress_templates_otp/tokyo-midtown-3.otp,1074
/Users/hotdog16/Downloads/openoffice/impress/impress_templates_otp/widescreen-tv.otp,922
/Users/hotdog16/Downloads/openoffice/impress/impress_templates_otp/widescreen.otp,922
/Users/hotdog16/Downloads/openoffice/impress/impress_templates_otp/xuhai.otp,1061
/Users/hotdog16/Downloads/openoffice/impress/impress_templates_otp/xuhai2.otp,1156
/Users/hotdog16/Downloads/openoffice/impress/impress_templates_sti/cinemascope.sti,0
/Users/hotdog16/Downloads/openoffice/impress/impress_templates_sti/europa.sti,0
/Users/hotdog16/Downloads/openoffice/impress/impress_templates_sti/kaohsiung.sti,0
/Users/hotdog16/Downloads/openoffice/impress/impress_templates_sti/klee1.sti,0
/Users/hotdog16/Downloads/openoffice/impress/impress_templates_sti/klee2.sti,0
/Users/hotdog16/Downloads/openoffice/impress/impress_templates_sti/mars.sti,0
/Users/hotdog16/Downloads/openoffice/impress/impress_templates_sti/ooo2.sti,0
/Users/hotdog16/Downloads/openoffice/impress/impress_templates_sti/panavision.sti,0
/Users/hotdog16/Downloads/openoffice/impress/impress_templates_sti/titan.sti,0
/Users/hotdog16/Downloads/openoffice/impress/impress_templates_sti/tokyo-midtown-1.sti,0
/Users/hotdog16/Downloads/openoffice/impress/impress_templates_sti/tokyo-midtown-2.sti,0
/Users/hotdog16/Downloads/openoffice/impress/impress_templates_sti/tokyo-midtown-3.sti,0
/Users/hotdog16/Downloads/openoffice/impress/impress_templates_sti/widescreen-tv.sti,0
/Users/hotdog16/Downloads/openoffice/impress/impress_templates_sti/widescreen.sti,0
/Users/hotdog16/Downloads/openoffice/impress/impress_templates_sti/xuhai.sti,0
/Users/hotdog16/Downloads/openoffice/OO Extra/.DS_Store,0
/Users/hotdog16/Downloads/openoffice/OO Extra/artwork/abstractions.tar.gz,1701
/Users/hotdog16/Downloads/openoffice/OO Extra/artwork/abstractions.tar.info,123
/Users/hotdog16/Downloads/openoffice/OO Extra/artwork/blueman.info,228
/Users/hotdog16/Downloads/openoffice/OO Extra/artwork/blueman_EP2.info,166
